Job Title,Location,Job Type,Latitude,Longitude
Sr. Voice Platform Analyst,PA 17102(Midtown area),Data Analyst,,
Data Analyst 1,UT 84111(Central City area)Gallivan Plaza Station,Data Analyst,,
Analyst - AI Trainer,"Muncie, IN",Data Analyst,40.1936892,-85.3865271
Data Analyst,"Schaumburg, IL 60173",Data Analyst,42.0333608,-88.083406
Laboratory Analyst,NC,Data Analyst,35.6729639,-79.0392919
Data Analyst,,Data Analyst,46.3144754,11.0480288
Data Analyst - Healthcare,CA 92543,Data Analyst,33.74142948387097,-116.9740361
Data Analyst,ME 04101(Downtown area),Data Analyst,,
"Analyst, ESG Data",NJ 08818,Data Analyst,40.51345057777778,-74.3654135
Data Analyst,CA 95323,Data Analyst,37.616078,-120.729117
Data Analyst,UT,Data Analyst,39.4225192,-111.714358
Data Analyst,,Data Analyst,46.3144754,11.0480288
Data Analyst,"Houston, TX",Data Analyst,29.7589382,-95.3676974
Data Analyst,TX,Data Analyst,31.2638905,-98.5456116
Junior Data Analyst,PA 19073,Data Analyst,39.97452583064633,-75.4582745
Data Analyst,ME 04101(Downtown area),Data Analyst,,
Data Analyst,UT,Data Analyst,39.4225192,-111.714358
Data Analyst,TX,Data Analyst,31.2638905,-98.5456116
Health Care Data Analyst,MN,Data Analyst,46.8250388,103.8499736
Data Analyst,IL,Data Analyst,30.8124247,34.8594762
Healthcare Data Analyst,"Dayton, OH 45412",Data Analyst,39.7589478,-84.1916069
Data Analyst,NJ 08872,Data Analyst,40.4653438,-74.35575891
Data Analyst,"Plano, TX",Data Analyst,33.0136764,-96.6925096
Jr Data Analyst,NJ 08830,Data Analyst,40.57110738272727,-74.3169505
DATA ANALYST,VA,Data Analyst,41.903411,12.4528527
Data Analyst,VA,Data Analyst,41.903411,12.4528527
Data Analyst,OK 74078,Data Analyst,36.1258414,-97.07191288
Data Analyst,NJ 07024,Data Analyst,40.85076126,-73.97489569
Full-time Role: Data Analyst,MA,Data Analyst,31.1728205,-7.3362482
Data Analyst,NY,Data Analyst,43.1561681,-75.8449946
Data Analyst,"Buffalo, NY",Data Analyst,42.8867166,-78.8783922
Data Analyst,UT,Data Analyst,39.4225192,-111.714358
"Analyst, Data (Remote)",Arizona,Data Analyst,34.395342,-111.763275
Data Analyst,TX 78702(Govalle area),Data Analyst,,
Data Analyst - onsite,MI 48043,Data Analyst,42.57402403,-82.88624149
Data Analyst (Remote),"Inc.Remote in Louisville, KY",Data Analyst,,
Quality Data Analyst - PRN *Fully Onsite*,ID 83501,Data Analyst,46.38958819026549,-116.9767153
Data Analyst,PA,Data Analyst,8.559559,-81.1308434
DATA ANALYST,VA,Data Analyst,41.903411,12.4528527
Healthcare Analytics Data Analyst III,Texas,Data Analyst,31.2638905,-98.5456116
Data Analyst,Pennsylvania,Data Analyst,40.9699889,-77.7278831
Data Management Analyst III,FL 32611,Data Analyst,29.643090436018955,-82.35479739
Data Analyst,TX,Data Analyst,31.2638905,-98.5456116
Data Analyst III,Florida,Data Analyst,27.7567667,-81.4639835
"Analyst, Data Visualization & Business Intelligence",FL 33132,Data Analyst,25.784153434547346,-80.18892303
Logistics Data Analyst,"Inc.Fort Myers, FL 33919",Data Analyst,26.7475354,-81.8326482
Research Data Analyst,"LLCLake Barrington, IL 60010",Data Analyst,,
Background Check Records Analyst I,TX 76114,Data Analyst,32.77524170525164,-97.39878496
Junior Data Analyst (In-Office Position),"LLCLake Mary, FL 32746",Data Analyst,,
Data Analyst (Power BI),"Bloomfield Hills, MI 48304",Data Analyst,42.583645,-83.2454883
Analyst (EDI),IN 46619,Data Analyst,41.66794216684782,-86.32229978
Business Analyst,Inc.Remote,Data Analyst,,
Data Analyst,CT 06831,Data Analyst,41.05981281147789,-73.65932472
Revenue Analyst | Hybrid Remote | Starting $24/hr.,"Carlsbad, CA 92008",Data Analyst,33.1580933,-117.3505966
Business Development Analyst,"San Jose, CA 95134Baypointe Station",Data Analyst,,
Data Analyst,WI 53177,Data Analyst,42.696215294285714,-87.92679079
"Analytical Chemist - Instrument Operator/Data Analyst (Woodland, CA)",CA 95776,Data Analyst,38.68397754,-121.7290272
Pricing Data Analyst (Not a Remote Position),NY 14203(Central Business District area)Special Events Station,Data Analyst,,
Data Analyst I,PA 17402,Data Analyst,39.95145779911246,-76.67398003
Business Requirements Analyst,MO 63368,Data Analyst,38.75441659810053,-90.72575056
DHCF DCAS Data Analyst,,Data Analyst,46.3144754,11.0480288
Senior Data Analyst,,Data Analyst,46.3144754,11.0480288
Strategic Data Analyst I,,Data Analyst,46.3144754,11.0480288
Data Analyst,,Data Analyst,46.3144754,11.0480288
"Analyst, Claims - Data Science",,Data Analyst,46.3144754,11.0480288
Mid-level Data Analyst,,Data Analyst,46.3144754,11.0480288
AthenaIDX Analyst,,Data Analyst,46.3144754,11.0480288
Data Analyst III,Florida,Data Analyst,27.7567667,-81.4639835
Junior Data Analyst,,Data Analyst,46.3144754,11.0480288
Utility Billing Analyst,,Data Analyst,46.3144754,11.0480288
Patient Flow Data Analyst,,Data Analyst,46.3144754,11.0480288
(5) Data Analyst / Data Scientist,,Data Analyst,46.3144754,11.0480288
Data Analyst,,Data Analyst,46.3144754,11.0480288
Data Analytics Senior Consultant II,,Data Analyst,46.3144754,11.0480288
Analyst Corporate Sustainability,"Pawtucket, RI",Data Analyst,41.8789531,-71.3821203
Graphic Information System (GIS) Analyst,NC 27360,Data Analyst,35.870861033804914,-80.09038515
Research Data Analyst,"LLCLake Barrington, IL 60010",Data Analyst,,
Junior Data Analyst (In-Office Position),"LLCLake Mary, FL 32746",Data Analyst,,
Data Analyst,"Inc.Paoli, PA 19301",Data Analyst,40.0418925,-75.4904641
"Business Analyst (Saginaw, Michigan)",MI 48603,Data Analyst,43.45289866512397,-84.01011207
Electronic Health Records Support Analyst,OR 97420,Data Analyst,43.361662864688796,-124.2194946
Background Check Records Analyst I,TX 76114,Data Analyst,32.77524170525164,-97.39878496
Analyst (EDI),IN 46619,Data Analyst,41.66794216684782,-86.32229978
Revenue Management Analyst,AL 36542,Data Analyst,30.28121068870637,-87.70094265
GoBanking Business Analyst,KS 67501,Data Analyst,38.031115263779526,-97.92050532
"Data Analyst 数据分析师(DA,Mandarin Prefer)",TX,Data Analyst,31.2638905,-98.5456116
Data Analyst,CT 06831,Data Analyst,41.05981281147789,-73.65932472
Chargeback Analyst,FL 33418,Data Analyst,26.840817649762133,-80.12881164
Financial Analyst,AZ 85008(Camelback East area),Data Analyst,,
Building Energy Performance Programs Analyst,"LLCHybrid work in Fairfax, VA 22033",Data Analyst,,
Systems Support Analyst – IT,"Chan Soon-Shiong Medical Center at WindberWindber, PA 15963",IT Analyst,,
IT Technology Analyst I,"Pennsylvania Turnpike CommissionHybrid work in Middletown, PA 17057",IT Analyst,,
IT Analyst,Prime TherapeuticsRemote,IT Analyst,,
IT Analyst (Remote),"WALGREENSRemote in Deerfield, IL 60015",IT Analyst,,
IT Technology Analyst 1,"Pennsylvania Turnpike CommissionMiddletown, PA 17057",IT Analyst,,
IT/Database Analyst,"Serco North AmericaWashington, DC 20005",IT Analyst,,
IT ANALYST,"Ohkay Hotel CasinoSan Juan Pueblo, NM 87566",IT Analyst,,
Associate IT Systems Analyst - EHR,"Newport HealthcareNashville, TN 37215(Green Hills area)",IT Analyst,,
IT Analyst I,"MosaicSaint Joseph, MO 64506",IT Analyst,,
IT STATEWIDE TECHNICAL SUPPORT ANALYST 1-3 (50578874),"State of LouisianaBaton Rouge, LA",IT Analyst,,
Systems Analyst I,"Clayton CareersMaryville, TN",IT Analyst,,
"IT Systems Analyst, HRIS",UC HealthRemote in Ohio,IT Analyst,,
IT Vendor Analyst,"Orion Marine GroupHouston, TX 77034",IT Analyst,,
IT Systems Support Analyst,"Liberty Healthcare CorporationBala-Cynwyd, PA 19004",IT Analyst,,
IT Analyst - Epic,Our Billing Co LLCRemote,IT Analyst,,
IT Analyst I,"Chick-fil-A, Inc.Atlanta, GA 30349",IT Analyst,,
IT STATEWIDE TECHNICAL SUPPORT ANALYST 1-3 (50578874),"State of LouisianaBaton Rouge, LA",IT Analyst,,
IT Analyst (Remote),"WALGREENSRemote in Deerfield, IL 60015",IT Analyst,,
IT BUSINESS SYSTEMS ANALYST,"County of Santa CruzSanta Cruz County, CA",IT Analyst,,
Service Desk Analyst - Level 1,Wynne SystemRemote,IT Analyst,,
Software Support Analyst - Costco Logistics,"Costco WholesaleChicago, IL",IT Analyst,,
IT Technology Analyst 1,"Pennsylvania Turnpike CommissionMiddletown, PA 17057",IT Analyst,,
"Analyst, AACU Technology Service Desk","American AirlinesDallas, TX 75219(Downtown area)",IT Analyst,,
IT Technology Analyst I,"Pennsylvania Turnpike CommissionHybrid work in Middletown, PA 17057",IT Analyst,,
SYSTEMS ANALYST,Sierra Nevada Brewing Co.Remote,IT Analyst,,
Application Support Analyst,"CVS HealthRemote in Hartford, CT 06103",IT Analyst,,
Help Desk Analyst,Yum! BrandsRemote,IT Analyst,,
"Analyst, Technical Operations",Evolent HealthRemote,IT Analyst,,
Desktop Support Analyst,Magnet ForensicsColorado,IT Analyst,,
IT PROGRAMMER ANALYST I,"State of MarylandBaltimore, MD 21202(Inner Harbor area)",IT Analyst,,
Systems Support Analyst – IT,"Chan Soon-Shiong Medical Center at WindberWindber, PA 15963",IT Analyst,,
Support Operations Analyst,Proof.comRemote,IT Analyst,,
IT Analyst (Remote),"WALGREENSRemote in Deerfield, IL 60015",IT Analyst,,
IT Analyst,Prime TherapeuticsRemote,IT Analyst,,
Client Solutions Analyst,Grant Street GroupRemote,IT Analyst,,
Sr IT Support Analyst,"VitroElkin, NC 28621",IT Analyst,,
System Analyst,Matrix Medical NetworkRemote,IT Analyst,,
IT Analyst,"Lilax TechnologiesAnn Arbor, MI 48108",IT Analyst,,
Customer Support Analyst,GridUnityRemote,IT Analyst,,
SOC Analyst I,OneAxiomRemote,IT Analyst,,
"Application Analyst I, Clinical Applications - Information Solutions (Remote)",MUSCRemote,IT Analyst,,
Customer Support Analyst,AirwallexRemote,IT Analyst,,
IT Analyst,"Schweitzer Engineering LaboratoriesPullman, WA",IT Analyst,,
IT Analyst - Epic,Our Billing Co LLCRemote,IT Analyst,,
IT Technology Analyst I,"Pennsylvania Turnpike CommissionHybrid work in Middletown, PA 17057",IT Analyst,,
IT Support Analyst,"General Electric Credit UnionCincinnati, OH 45242",IT Analyst,,
IT Analyst,"Paul HastingsNew York, NY 10166",IT Analyst,,
IT Support Analyst,"HEI Civil - TexasAustin, TX 78741",IT Analyst,,
ERP Analyst,"Smith & LovelessLenexa, KS 66215",IT Analyst,,
End User support Analyst,"Tek NinjasArlington, IL 61312",IT Analyst,,
IT Operations & Support Analyst 1 - ITSD,"State of IdahoBlackfoot, ID",IT Analyst,,
IT Compliance Analyst,"Carnival Cruise LineMiami, FL",IT Analyst,,
Application Systems Analyst,"Springfield CollegeSpringfield, MA 01109(Upper Hill area)",IT Analyst,,
IT Help Desk Analyst,"PALMER COLLEGE FOUNDATIONDavenport, IA 52803(College Square area)",IT Analyst,,
IT Support Analyst,"Welltower IncToledo, OH 43615(Reynolds Corners area)",IT Analyst,,
IT Helpdesk Analyst,"ATCFargo, ND",IT Analyst,,
IT Systems Support Analyst,"Liberty Healthcare CorporationBala-Cynwyd, PA 19004",IT Analyst,,
Associate Support Analyst,"InstemHybrid work in Boston, MA",IT Analyst,,
Help Desk Analyst,"SPS COMMERCEMinneapolis, MN 55402(Downtown West area)",IT Analyst,,
IT Service Desk Analyst,"DMIDallas, TX 75201(Downtown area)",IT Analyst,,
IT Analyst I,"Chick-fil-A, Inc.Atlanta, GA 30349",IT Analyst,,
Senior Financial Systems Analyst,"VA Dept of Transportation3.7Richmond, VA",IT Analyst,,
IT Analyst,"Mercer County State Bank4.0Sandy Lake, PA 16145",IT Analyst,,
Service Desk Analyst - Level 1,Wynne SystemRemote,IT Analyst,,
Helpdesk Consultant,Weston Technology SolutionsRemote,IT Analyst,,
Network Capacity Analyst - Hybrid,"Charles Schwab3.9Hybrid work in Omaha, NE 68132",IT Analyst,,
Behavioral Health IT/EHR Analyst,Kai Marie GroupRemote,IT Analyst,,
Cyber Investigation Analyst (OTA),"Peraton3.1Hybrid work in Rosslyn, VA",IT Analyst,,
Systems Analyst 3,Intone NetworksRemote,IT Analyst,,
Technical Service Desk Analyst - PT (Remote),"UnityRemote in Las Cruces, NM 88001",IT Analyst,,
IT Analyst (Remote),"WALGREENSRemote in Deerfield, IL 60015",IT Analyst,,
EDI Analyst/Delphi Developer,"Comparatio USA, LLCRemote",IT Analyst,,
Systems Analyst 2,Intone NetworksRemote,IT Analyst,,
Help Desk Analyst,Yum! BrandsRemote,IT Analyst,,
IT STATEWIDE TECHNICAL SUPPORT ANALYST 1-3 (50578874),"State of LouisianaBaton Rouge, LA",IT Analyst,,
IT Support Analyst,"HEI Civil - TexasAustin, TX 78741",IT Analyst,,
IT Analyst I - Software Asset Management Analyst - Temporary,"State of UtahHybrid work in Salt Lake County, UT",IT Analyst,,
IT Analyst (Ability to obtain and maintain a secret clearance),"Akima, LLCLexington, KY",IT Analyst,,
IT Support Analyst,"Welltower IncToledo, OH 43615(Reynolds Corners area)",IT Analyst,,
Helpdesk Tier 1 Analyst,"equinoxysGreat Falls, VA 22066",IT Analyst,,
Application Systems Analyst II,"Valleywise Health SystemTempe, AZ 85282",IT Analyst,,
User Support Analyst II,"Skidmore, Owings & MerrillLos Angeles, CA",IT Analyst,,
IT Operations & Support Analyst 1 - ITSD,"State of IdahoBlackfoot, ID",IT Analyst,,
IT Service Desk Analyst (Onsite),"NightwingPalm Bay, FL 32905",IT Analyst,,
IT Support Analyst,"Trane TechnologiesNewberry, SC 29108",IT Analyst,,
"Analyst,IT Cust Serv","CVS HealthSmithfield, RI 02917",IT Analyst,,
IT Business Analyst,"Inteva Products, LLCTroy, MI 48084",IT Analyst,,
Associate Support Analyst,"InstemHybrid work in Boston, MA",IT Analyst,,
IT - SAP Variant Configuration Analyst,"WoodgrainHybrid work in Lawrenceville, GA 30043",IT Analyst,,
IT Analyst,"Goodwill Industries of San Diego CountySan Diego, CA 92110(Midway District area)",IT Analyst,,
Developer/Programmer Analyst 3,Intone NetworksRemote,Software Developer,,
Software Engineer (Remote),"Home Depot / THDRemote in Atlanta, GA",Software Developer,,
"Software Engineer, Product (Los Angeles Remote)","PrelimRemote in Los Angeles, CA",Software Developer,,
Software Engineer II,"AffirmRemote in New York, NY",Software Developer,,
Software Engineer II - Remote,AkamaiRemote,Software Developer,,
Scientific Software Developer,"MITCambridge, MA 02139(MIT area)",Software Developer,,
Software Developer,Howden Group HoldingsRemote,Software Developer,,
Software Engineer Backend (m/f/d) - Remote,AiryRemote,Software Developer,,
Software Developer,"RiteProsPortland, ME 04101(Downtown area)",Software Developer,,
Software Engineer II,"AffirmRemote in New York, NY",Software Developer,,
Software Engineer II,"FIS GlobalRemote in Dulles, VA 20166",Software Developer,,
University Grad 2025: Software Engineer - Backend,"Ramp FinancialNew York, NY",Software Developer,,
Software Engineer I - Backend - HCP Terraform,HashicorpRemote,Software Developer,,
Software Developer,SDH SystemsRemote,Software Developer,,
Software Engineer,Arcadia.ioRemote,Software Developer,,
"Manufacturing - Process -Automation Engineer - Leland, NC","Victaulic3.4Leland, NC 28451",Software Developer,,
Software Developer,"RiteProsPortland, ME 04101(Downtown area)",Software Developer,,
Electrical Engineer Automation & Controls,"Amalgamated Sugar Company3.5Paul, ID 83347",Software Developer,,
Software Developer,"Advanced Planning Technologies, Inc.West Salem, WI 54669",Software Developer,,
Software Developer,"RiteProsPortland, ME 04101(Downtown area)",Software Developer,,
Junior Software Developer,"nuArchHybrid work in New York, NY",Software Developer,,
Software Engineer,"Alo YogaSan Ramon, CA",Software Developer,,
Software Systems Engineer (TS/SCI),"Maxar Technologies3.6Herndon, VA 20170",Software Developer,,
Research Software Developer,"Boston Children's HospitalHybrid work in Boston, MA 02115Huntington Ave & Fenwood Rd",Software Developer,,
JUNIOR SOFTWARE DEVELOPER,"Kampgrounds Of AmericaRemote in Billings, MT 59102",Software Developer,,
Software Developer,"SSH CLOUD IT SOLUTIONS LLCHybrid work in Columbus, OH 43219",Software Developer,,
Frontend Software Developer,"Ellis Island Casino, Village Pubs, Mt. CharlestonLas Vegas, NV 89103",Software Developer,,
Front End Software Developer,"AG Grace IncColumbia, MD 21044",Software Developer,,
Software Developer,"Key Family of CompaniesRemote in Indianapolis, IN 46250",Software Developer,,
SOFTWARE DEVELOPER,"Inteplast GroupLolita, TX 77971",Software Developer,,
Software Developer,"CACINorth Charleston, SC 29406",Software Developer,,
Software Developer,"SDH SystemsEden Prairie, MN",Software Developer,,
SOFTWARE DEVELOPER,"Collabrium SystemsHarrisburg, PA 17111",Software Developer,,
Software Developer,"Booz AllenCharleston, SC",Software Developer,,
Software Developer 1,"Stanford UniversityStanford, CA",Software Developer,,
Software Developer,"General Atomics and Affiliated CompaniesPoway, CA",Software Developer,,
WEBSITE DEVELOPER,"State of ArkansasLittle Rock, AR 72205(Medical Center area)",Software Developer,,
Software Developer,"OracleAustin, TX 78741(Riverside area)",Software Developer,,
Software Developer,"WinsupplyDayton, OH 45439",Software Developer,,
Software Engineer II - Remote,AkamaiRemote,Software Developer,,
Software Developer,"CACIKing George, VA 22485",Software Developer,,
Software Developer,Howden Group HoldingsRemote,Software Developer,,
Associate Software Developer,"iPipelineExton, PA 19341",Software Developer,,
Software Developer,"Powersoft SystemsOverland Park, KS 66213",Software Developer,,
Software Engineer (Remote),"Home Depot / THDRemote in Atlanta, GA",Software Developer,,
Entry Level Java Developer,Hemma Systems Inc.Remote,Software Developer,,
Game Designer,TrellisRemote,Software Developer,,
Research Software Developer,"Boston Children's HospitalHybrid work in Boston, MA 02115Huntington Ave & Fenwood Rd",Software Developer,,
Senior PHP Developer,"IDEXX3.3Remote in Portland, ME 04102",Software Developer,,
Software Developer (Full Stack),"DonorBureau, LLCHybrid work in Franklin, TN 37064",Software Developer,,
"Software Engineer (Portland, OR)","Metron3.6Portland, OR 97214(Sunnyside area)",Software Developer,,
FAST Labs Systems Engineer - EOIR Modeling & Simulation,"BAE Systems3.8Merrimack, NH 03054",Software Developer,,
API Developer (Entry Level),"UnacastRemote in Ashburn, VA",Software Developer,,
Embedded Systems Software Engineer (Level 1),"CRCBrown Deer, WI 53223",Software Developer,,
Software Development Manager,"Diligent Delivery Systems4.0Houston, TX 77064",Software Developer,,
Junior Software Developer,"nuArchHybrid work in New York, NY",Software Developer,,
.NET Developer,"Isagenix4.1Hybrid work in Gilbert, AZ 85297",Software Developer,,
"Google Workspace API Developer (Part-Time, Remote)",Astero Technologies LLCRemote,Software Developer,,
Desktop Application Developer,"LCS - London Computer Systems4.4Hybrid work in Cincinnati, OH 45249",Software Developer,,
"Software Engineer I, Customer Experience",Included HealthRemote,Software Developer,,
Laravel Software Developer (Full Stack),"Touchstone IQHybrid work in Denver, CO 80222Colorado Station",Software Developer,,
Software Development Manager,"Diligent Delivery Systems4.0Houston, TX 77064",Software Developer,,
Full Stack Developer,nooroRemote,Software Developer,,
Software Engineer,"IES Systems, Inc.Canfield, OH 44406",Software Developer,,
Junior Software Engineer,"Invariant CorporationHuntsville, AL 35802",Software Developer,,
Software Engineer - Mission Planning,"DS2Niceville, FL",Software Developer,,
Full Stack Java Software Engineer - Remote,"Kunz, Leigh & Associates3.3Remote",Software Developer,,
Software Engineer,"Creative Technology SolutionsFalls Church, VA 22042",Software Developer,,
Back End Developer - Remote,"BlueIQ, LLCRemote",Software Developer,,
Full Stack Developer- Eventlink,"SDI Innovations4.3Lafayette, IN 47909",Software Developer,,
Software Engineer C Programming,"VOCAL Technologies, Ltd.Amherst, NY 14228",Software Developer,,
Software Test Engineer,"Total Computing Solutions of America, Inc.The Colony, TX",Software Developer,,
Full Stack Developer C#,"Happy FleetHybrid work in Sterling, VA 20165",Software Developer,,
SOFTWARE DEVELOPER,"Title Guaranty Hawaii3.9Oahu Island, HI",Software Developer,,
Web Developer/UI Designer,"McCurdy Real Estate & Auction, LLCWichita, KS 67206",Software Developer,,
Game Designer,TrellisRemote,Software Developer,,
Entry Level Java Developer,Hemma Systems Inc.Remote,Software Developer,,
Research Software Developer,"Boston Children's HospitalHybrid work in Boston, MA 02115Huntington Ave & Fenwood Rd",Software Developer,,
Back End Developer - Remote,"BlueIQ, LLCRemote",Software Developer,,
"Software Engineer (Portland, OR)","Metron3.6Portland, OR 97214(Sunnyside area)",Software Developer,,
C# .NET Software Developer,"The Perfect WorkoutRemote in Denver, CO",Software Developer,,
"Software Engineer I, Customer Experience",Included HealthRemote,Software Developer,,
Application Development Leader,"SBLI4.4Hybrid work in Woburn, MA 01801Mishawum",Software Developer,,
Junior Software Engineer,"Invariant CorporationHuntsville, AL 35802",Software Developer,,
Full Stack Developer C#,"Happy FleetHybrid work in Sterling, VA 20165",Software Developer,,
Software Test Engineer,"Total Computing Solutions of America, Inc.The Colony, TX",Software Developer,,
API Developer (Entry Level),"UnacastRemote in Ashburn, VA",Software Developer,,
Software Development Manager,"Diligent Delivery Systems4.0Houston, TX 77064",Software Developer,,
Java Developer,Cornerstone TechnologyRemote,Software Developer,,
Junior Software Developer,"nuArchHybrid work in New York, NY",Software Developer,,
